Title,Price
2bed room 1 hall semi modular kitchen with covered car parking,"₹ 10,500"
2 BHK with covered car parking for sale,"₹ 61,99,999"
107 Gaj home with covered car parking near by main market,"₹ 45,00,000"
"New seat cover , single hand car , top model","₹ 18,00,000"
Family used 2011 manza diesel car full cover insurance (idv 262000),"₹ 1,79,999"
Ertiga Car Cover New,"₹ 1,900"
A 5000 SQFT COMMERCIAL OFFICE SPACE WITH COVERED CAR PARK FOR RENT,"₹ 3,00,000"
A 1350 SQFT FURNISHED 2BHK FLAT WITH COVERED CAR PARK AVAIL FOR RENT,"₹ 75,000"
2BHK with covered car parking and big balcony for sale,"₹ 58,00,000"
Car cover water proof,"₹ 1,600"
Fully furnished 2 bhk with 3 balcony with covered car parking for sale,"₹ 59,00,000"
Spacious 2 BHK Flat with Covered Car Parking For Sale in Dakshineswar,"₹ 35,00,000"
2 bhk full furnished with Lift and cover ground car and bike parking,"₹ 30,000"
All Maruthi Seat cover  car stereo,"₹ 1,000"
2bhk semi furnished with covered car parking flat availble for rent,"₹ 22,500"
MLCP Covered Garage Car Parking Space inside HG1 with CCTV@1200/-,"₹ 12,000"
Nexon car seat cover,"₹ 5,000"
Car Cover for Alto/Tiago/Spresso,"₹ 1,000"
3Bed with Covered Car Parking and Lift in Shakti Khand-4,"₹ 1,29,00,000"
2Bed with Covered Car Parking in Vaishali sec-5,"₹ 65,00,000"
2BHK Flat at shivane with covered car parking Brand new condition,"₹ 37,99,000"
2.5 years old lift covered car parking,"₹ 17,000"
Car seat cover,"₹ 6,999"
Covered car parking for sale (negotiable),"₹ 9,00,000"
"Two BHK Flat, 1st floor, covered car parking","₹ 12,000"
New bike ekdam brand new h with Gadi cover & Helmet,"₹ 1,50,000"
2bhk for sale with furniture & covered Car parking,"₹ 34,00,000"
2 Bedroom Hall Kitchen + Small Car Covered Parking,"₹ 11,000"
Hyundai i10 2012 car body cover,₹ 300
Car seat covers floor Matt  and steding covers available stching  ftin,"₹ 3,800"
Front side 4 Bed with Covered Car Parking & Lift in Indirapuram,"₹ 1,25,50,000"
Car cover and vaccum cleaner,"₹ 3,000"
Covered car parking in main road Near Maharishi Vidya Mandir CBSE Scho,"₹ 2,000"
2bhk furniture flat rent family car parking covered bibwawadi,"₹ 28,000"
2 BHK Flat for sale with lift and covered Car  parking,"₹ 38,90,000"
BMW CAR  OUTSIDE MIRROR COVER,"₹ 2,500"
"2,BHK Flat 1st Floor Covered Car Park Nungambakkam Near Police Station","₹ 30,000"
Ertiga car body cover,₹ 950
Covered Car parking at Tarabai Park,"₹ 2,000"
Car universal 9d seat covers,"₹ 9,999"
